company,title,season,category,location,posted_at,first_seen_at,url
Ellipsis Labs,Software Engineer - 2027 Interns,Summer 2027,Software,"New York, New York",2026-03-26T19:40:01.700+00:00,2026-06-30T12:14:22Z,https://jobs.ashbyhq.com/ellipsislabs/02136b22-35b1-4b3d-8bef-567c3380a849
Anduril,2027 Software Engineer Intern,Summer 2027,Software,"Atlanta, Georgia, United States; Boston, Massachusetts, United States; Costa Mesa, California, United States; Irvine, California, United States; Reston, Virginia, United States; Seattle, Washington, United States",,2026-06-30T12:22:43Z,https://boards.greenhouse.io/andurilindustries/jobs/5148079007?gh_jid=5148079007
Point72,Summer 2027 Quantitative Developer Internship,Summer 2027,Quant,New York,,2026-06-30T12:14:22Z,https://boards.greenhouse.io/point72/jobs/7297613002?gh_jid=7297613002
Walleye Capital,Investment Data Science Intern (Summer 2027),Summer 2027,Data & ML/AI,"New York, New York",,2026-06-30T12:14:22Z,https://job-boards.greenhouse.io/walleyecapital-external-students/jobs/4676587006
Walleye Capital,Quantic – Quantitative Developer Intern (Summer 2027),Summer 2027,Quant,"Boston, MA",,2026-06-30T12:14:22Z,https://job-boards.greenhouse.io/walleyecapital-external-students/jobs/4679168006
Walleye Capital,Volatility Trading Developer Intern (Summer 2027),Summer 2027,Quant,"New York, New York",,2026-06-30T12:14:22Z,https://job-boards.greenhouse.io/walleyecapital-external-students/jobs/4679434006
CACI,AI/ML Engineering Co-op - Fall 2026,Fall 2026,Data & ML/AI,"King of Prussia, PA, US",2026-06-30T00:00:00Z,2026-06-30T19:33:09Z,https://caci.wd1.myworkdayjobs.com/external/job/King-of-Prussia-PA-US/AI-ML-Engineering-Co-op---Fall-2026_328403
1Password,"Developer Intern, Service Development - Fall 2026",Fall 2026,Software,Remote (United States | Canada),2026-06-23T19:44:54.371+00:00,2026-06-30T12:14:22Z,https://jobs.ashbyhq.com/1password/b6b8c8ed-ff1c-4bc2-9dbe-5122207ea3a2
Intuitive Surgical,Computer Vision Engineering Intern - Fall 2026,Fall 2026,Data & ML/AI,"Sunnyvale, CA, United States",2026-06-22T21:41:38.327Z,2026-06-30T12:14:22Z,https://jobs.smartrecruiters.com/Intuitive/744000133458290
TD Bank,2026 Fall Co-op - Global Technology Solutions - Cyber Security,Fall 2026,Security,"Mount Laurel, New Jersey",2026-06-18T00:00:00Z,2026-06-30T12:43:37Z,https://td.wd3.myworkdayjobs.com/TD_Bank_Careers/job/Mount-Laurel-New-Jersey/XMLNAME-2026-Fall-Co-op---Global-Technology---Solutions---Cyber-Security_R_1495397
TD Bank,2026 Fall Co-op - Global Technology Solutions - Data Engineer,Fall 2026,Data & ML/AI,"Mount Laurel, New Jersey",2026-06-18T00:00:00Z,2026-06-30T12:43:37Z,https://td.wd3.myworkdayjobs.com/TD_Bank_Careers/job/Mount-Laurel-New-Jersey/XMLNAME-2026-Fall-Co-op---Global-Technology-Solutions---Data-Engineer_R_1495653
TD Bank,2026 Fall Co-op - Global Technology Solutions - Software Engineer (SWE),Fall 2026,Software,"Mount Laurel, New Jersey",2026-06-18T00:00:00Z,2026-06-30T12:43:37Z,https://td.wd3.myworkdayjobs.com/TD_Bank_Careers/job/Mount-Laurel-New-Jersey/XMLNAME-2026-Fall-Co-op---Global-Technology-Solutions---Software-Engineer--SWE-_R_1495659
SoloPulse,Software Engineer Intern/Co-Op - Fall 2026,Fall 2026,Software,"Peachtree Corners, GA",2026-06-16T18:53:22Z,2026-06-30T12:14:22Z,https://jobs.lever.co/solopulseco/00fbde18-a387-4c9f-97d4-77059aec7b56
1Password,"Developer Intern, Trust Platforms - Fall 2026",Fall 2026,Software,Remote (United States | Canada),2026-06-09T22:32:05.190+00:00,2026-06-30T12:14:22Z,https://jobs.ashbyhq.com/1password/8f8774dc-e400-48b1-8100-c6840b8eaed1
Skydio,Middleware Software Engineer Intern - Fall 2026,Fall 2026,Software,"San Mateo, California, United States",2026-05-21T21:53:22.384+00:00,2026-06-30T12:14:22Z,https://jobs.ashbyhq.com/skydio/7d9dbb60-4ca1-4ba8-8bae-5ebfded4a915
Saronic,Software Engineer Intern (Fall 2026),Fall 2026,Software,"Austin, TX",2026-05-18T20:44:02.646+00:00,2026-06-30T12:14:22Z,https://jobs.ashbyhq.com/saronic/1c74957f-0895-415b-9324-08b0994747d7
Amazon,"Software Development Engineer Intern, AWS Data Services - Fall 2026 (US)",Fall 2026,Data & ML/AI,"Seattle, Washington, USA",2026-05-06T00:00:00Z,2026-06-30T17:50:48Z,https://www.amazon.jobs/en/jobs/10412530/software-development-engineer-intern-aws-data-services-fall-2026-us
Skydio,Software Engineer Intern Fall 2026/Winter 2027,Fall 2026,Software,"San Mateo, California, United States",2026-05-05T22:59:03.280+00:00,2026-06-30T12:14:22Z,https://jobs.ashbyhq.com/skydio/f6320e9b-4eed-408d-8d37-d509fb0406ee
Hermeus,Software Engineering Intern (HIL) - Fall 2026,Fall 2026,Software,"Atlanta, GA",2026-04-17T18:15:04Z,2026-06-30T12:14:22Z,https://jobs.lever.co/hermeus/10d69ef6-a754-42ab-833c-76adf01367bf
Hermeus,Software Engineering Intern (Modeling & Simulation) - Fall 2026,Fall 2026,Software,"Los Angeles, CA",2026-04-17T19:07:22Z,2026-06-30T12:14:22Z,https://jobs.lever.co/hermeus/49f7cf3f-bf66-44ca-bf97-ee0f7180a68d
Notion,Software Engineer Intern (Fall 2026),Fall 2026,Software,"San Francisco, California",2026-04-06T22:40:58.312+00:00,2026-06-30T12:14:22Z,https://jobs.ashbyhq.com/notion/5b15697c-fa91-4511-9482-c98a6ff29f90
Hermeus,Software Engineering Intern (HMI) - Fall 2026,Fall 2026,Software,"Atlanta, GA",2026-04-01T03:02:00Z,2026-06-30T12:14:22Z,https://jobs.lever.co/hermeus/a3a1f0ea-6a4f-42e5-81c8-3b34dac22a67
Center for AI Safety,Research Engineer Intern (Fall 2026),Fall 2026,Software,"San Francisco, CA",2026-03-05T04:22:05Z,2026-06-30T12:14:22Z,https://jobs.lever.co/aisafety/e011814b-9a80-43d6-bb0c-cc153ea4bec4
Amazon,Robotics - Software Development Engineer Intern/Co-op - 2026,Fall 2026,Hardware,"Westboro, Wisconsin, USA",2025-12-03T00:00:00Z,2026-06-30T17:50:48Z,https://www.amazon.jobs/en/jobs/3136266/robotics-software-development-engineer-intern-co-op-2026
Amazon,"Amazon Industrial Robotics - Applied Scientist II Intern / Co-op - 2026, Amazon Industrial Robotics",Fall 2026,Data & ML/AI,"North Reading, Massachusetts, USA",2025-11-25T00:00:00Z,2026-06-30T17:50:48Z,https://www.amazon.jobs/en/jobs/3132414/amazon-industrial-robotics-applied-scientist-ii-intern-co-op-2026-amazon-industrial-robotics
NVIDIA,Quantum Error Correction Research Scientist Intern - Fall 2026,Fall 2026,Data & ML/AI,"US, CA, Remote",,2026-06-30T12:22:43Z,https://nvidia.wd5.myworkdayjobs.com/NVIDIAExternalCareerSite/job/US-CA-Remote/Quantum-Error-Correction-Research-Scientist-Intern---Fall-2026_JR2018628
NVIDIA,Quantum Research Scientist Intern - Fall 2026,Fall 2026,Data & ML/AI,"US, CA, Remote",,2026-06-30T12:22:43Z,https://nvidia.wd5.myworkdayjobs.com/NVIDIAExternalCareerSite/job/US-CA-Remote/Quantum-Research-Scientist-Intern---Fall-2026_JR2018244
NVIDIA,"Software Engineering Intern, JAX - Fall 2026",Fall 2026,Software,"US, CA, Santa Clara",,2026-06-30T12:22:43Z,https://nvidia.wd5.myworkdayjobs.com/NVIDIAExternalCareerSite/job/US-CA-Santa-Clara/Software-Engineering-Intern--JAX---Fall-2026_JR2009745
Astranis,Software Engineer- Backend Intern (Fall 2026),Fall 2026,Software,"San Francisco, CA",,2026-06-30T12:14:22Z,https://job-boards.greenhouse.io/astranis/jobs/4681183006
Figure,Firmware Intern [Fall 2026],Fall 2026,Hardware,"San Jose, CA",,2026-06-30T12:14:22Z,https://job-boards.greenhouse.io/figureai/jobs/4691070006
Gemini,Software Engineering Intern (Fall 2026),Fall 2026,Software,"New York, New York",,2026-06-30T12:14:22Z,https://boards.greenhouse.io/embed/job_app?for=gemini&token=7875125&gh_jid=7875125
Rocket Lab,Software Intern Fall 2026,Fall 2026,Software,"Albuquerque, NM",,2026-06-30T12:14:22Z,https://job-boards.greenhouse.io/rocketlab/jobs/7736776003
Samsung Research America,"2026 Fall Intern, ML/NLP Research",Fall 2026,Data & ML/AI,"665 Clyde Avenue, Mountain View,  CA, USA",,2026-06-30T12:14:22Z,https://job-boards.greenhouse.io/samsungresearchamericainternship/jobs/8541339002
Samsung Research America,"2026 Fall Intern, Computer Vision/AI",Fall 2026,Data & ML/AI,"665 Clyde Avenue, Mountain View,  CA, USA",,2026-06-30T12:14:22Z,https://job-boards.greenhouse.io/samsungresearchamericainternship/jobs/8560657002
SharkNinja,Fall 2026: SharkByte Applied AI & Analytics Co-op (July to December),Fall 2026,Data & ML/AI,"Miami, Florida, United States; Needham, MA, United States",,2026-06-30T12:14:22Z,https://job-boards.greenhouse.io/sharkninjaoperatingllc/jobs/4669676006
Varda Space,Flight Software Internship - Fall 2026,Fall 2026,Software,"El Segundo, California, United States",,2026-06-30T12:14:22Z,https://job-boards.greenhouse.io/vardaspace/jobs/7676465003
Verkada,Backend Software Engineering Intern - Fall 2026,Fall 2026,Software,"San Mateo, CA United States",,2026-06-30T12:14:22Z,https://job-boards.greenhouse.io/verkada/jobs/5099422007
Verkada,Frontend Software Engineering Intern - Fall 2026,Fall 2026,Software,"San Mateo, CA United States",,2026-06-30T12:14:22Z,https://job-boards.greenhouse.io/verkada/jobs/5099529007
